{"cameraMode":{"drawMode":0,"name":"Shaded","section":"Shading Mode"},"sceneLighting":true,"audioPlay":false,"sceneViewState":{"m_AlwaysRefresh":false,"showFog":true,"showSkybox":true,"showFlares":true,"showImageEffects":true,"showParticleSystems":true,"showVisualEffectGraphs":true,"m_FxEnabled":true},"in2DMode":false,"pivot":{"x":1.2930611371994019,"y":-2.0193490982055666,"z":-10.497734069824219},"rotation":{"x":-0.09222825616598129,"y":-0.9050519466400147,"z":0.2536989450454712,"w":-0.3288816213607788},"size":13.991325378417969,"orthographic":false}